feature,dissatisfaction,satisfaction,neutral,frequency
independent contractor,0.9994244648955579,0,0,"0      2
1      1
2      3
3      3
4      3
      ..
470    1
471    2
472    2
473    1
474    1
Name: feature_frequency, Length: 475, dtype: int64"
elderly mother,1.0810882280146423,0,0,"0      2
1      1
2      3
3      3
4      3
      ..
470    1
471    2
472    2
473    1
474    1
Name: feature_frequency, Length: 475, dtype: int64"
shake shack,1.0810882280146423,0,0,"0      2
1      1
2      3
3      3
4      3
      ..
470    1
471    2
472    2
473    1
474    1
Name: feature_frequency, Length: 475, dtype: int64"
taco bell,1.2378826530778486,0,0,"0      2
1      1
2      3
3      3
4      3
      ..
470    1
471    2
472    2
473    1
474    1
Name: feature_frequency, Length: 475, dtype: int64"
ice cream,1.2378826530778486,0,0,"0      2
1      1
2      3
3      3
4      3
      ..
470    1
471    2
472    2
473    1
474    1
Name: feature_frequency, Length: 475, dtype: int64"
timely manner,1.214087386362695,0,0,"0      2
1      1
2      3
3      3
4      3
      ..
470    1
471    2
472    2
473    1
474    1
Name: feature_frequency, Length: 475, dtype: int64"
burger king,1.1409789528991585,0,0,"0      2
1      1
2      3
3      3
4      3
      ..
470    1
471    2
472    2
473    1
474    1
Name: feature_frequency, Length: 475, dtype: int64"
screen shot,1.1409789528991585,0,0,"0      2
1      1
2      3
3      3
4      3
      ..
470    1
471    2
472    2
473    1
474    1
Name: feature_frequency, Length: 475, dtype: int64"
suspicious activity,1.1104700043835711,0,0,"0      2
1      1
2      3
3      3
4      3
      ..
470    1
471    2
472    2
473    1
474    1
Name: feature_frequency, Length: 475, dtype: int64"
final straw,0.9444218635053158,0,0,"0      2
1      1
2      3
3      3
4      3
      ..
470    1
471    2
472    2
473    1
474    1
Name: feature_frequency, Length: 475, dtype: int64"
specialized team,0.9818042647009315,0,0,"0      2
1      1
2      3
3      3
4      3
      ..
470    1
471    2
472    2
473    1
474    1
Name: feature_frequency, Length: 475, dtype: int64"
escalation team,0.9818042647009315,0,0,"0      2
1      1
2      3
3      3
4      3
      ..
470    1
471    2
472    2
473    1
474    1
Name: feature_frequency, Length: 475, dtype: int64"
regular basis,1.0004954652987395,0,0,"0      2
1      1
2      3
3      3
4      3
      ..
470    1
471    2
472    2
473    1
474    1
Name: feature_frequency, Length: 475, dtype: int64"
bottom line,1.0328935463847828,0,0,"0      2
1      1
2      3
3      3
4      3
      ..
470    1
471    2
472    2
473    1
474    1
Name: feature_frequency, Length: 475, dtype: int64"
opposite direction,0.8985358376918424,0,0,"0      2
1      1
2      3
3      3
4      3
      ..
470    1
471    2
472    2
473    1
474    1
Name: feature_frequency, Length: 475, dtype: int64"
promo code,0.929018985688728,0,0,"0      2
1      1
2      3
3      3
4      3
      ..
470    1
471    2
472    2
473    1
474    1
Name: feature_frequency, Length: 475, dtype: int64"
payment method,0.929018985688728,0,0,"0      2
1      1
2      3
3      3
4      3
      ..
470    1
471    2
472    2
473    1
474    1
Name: feature_frequency, Length: 475, dtype: int64"
front desk,0.9054626591691576,0,0,"0      2
1      1
2      3
3      3
4      3
      ..
470    1
471    2
472    2
473    1
474    1
Name: feature_frequency, Length: 475, dtype: int64"
grub hub,0.9942091154726036,0,0,"0      2
1      1
2      3
3      3
4      3
      ..
470    1
471    2
472    2
473    1
474    1
Name: feature_frequency, Length: 475, dtype: int64"
small percentage,1.0005481480657068,0,0,"0      2
1      1
2      3
3      3
4      3
      ..
470    1
471    2
472    2
473    1
474    1
Name: feature_frequency, Length: 475, dtype: int64"
liquor store,0,0,0,"0      2
1      1
2      3
3      3
4      3
      ..
470    1
471    2
472    2
473    1
474    1
Name: feature_frequency, Length: 475, dtype: int64"
chicken sandwich,0,8.10757573978485,0,"0      2
1      1
2      3
3      3
4      3
      ..
470    1
471    2
472    2
473    1
474    1
Name: feature_frequency, Length: 475, dtype: int64"
speak english,1.0639384739967397,0,0,"0      2
1      1
2      3
3      3
4      3
      ..
470    1
471    2
472    2
473    1
474    1
Name: feature_frequency, Length: 475, dtype: int64"
speak spanish,1.0312527500260278,0,0,"0      2
1      1
2      3
3      3
4      3
      ..
470    1
471    2
472    2
473    1
474    1
Name: feature_frequency, Length: 475, dtype: int64"
google map,1.1234170756037831,0,0,"0      2
1      1
2      3
3      3
4      3
      ..
470    1
471    2
472    2
473    1
474    1
Name: feature_frequency, Length: 475, dtype: int64"
free trial,1.099445115097292,0,0,"0      2
1      1
2      3
3      3
4      3
      ..
470    1
471    2
472    2
473    1
474    1
Name: feature_frequency, Length: 475, dtype: int64"
apartment building,1.099445115097292,0,0,"0      2
1      1
2      3
3      3
4      3
      ..
470    1
471    2
472    2
473    1
474    1
Name: feature_frequency, Length: 475, dtype: int64"
live activity,0,9.307575737384848,0,"0      2
1      1
2      3
3      3
4      3
      ..
470    1
471    2
472    2
473    1
474    1
Name: feature_frequency, Length: 475, dtype: int64"
hard earn,1.1033107300765304,0,0,"0      2
1      1
2      3
3      3
4      3
      ..
470    1
471    2
472    2
473    1
474    1
Name: feature_frequency, Length: 475, dtype: int64"
parking lot,1.12535905260861,0,0,"0      2
1      1
2      3
3      3
4      3
      ..
470    1
471    2
472    2
473    1
474    1
Name: feature_frequency, Length: 475, dtype: int64"
real human,1.084073765877888,0,0,"0      2
1      1
2      3
3      3
4      3
      ..
470    1
471    2
472    2
473    1
474    1
Name: feature_frequency, Length: 475, dtype: int64"
someone elses,0,10.95757573408485,0,"0      2
1      1
2      3
3      3
4      3
      ..
470    1
471    2
472    2
473    1
474    1
Name: feature_frequency, Length: 475, dtype: int64"
business bureau,1.084073765877888,0,0,"0      2
1      1
2      3
3      3
4      3
      ..
470    1
471    2
472    2
473    1
474    1
Name: feature_frequency, Length: 475, dtype: int64"
business model,1.1130366531529574,0,0,"0      2
1      1
2      3
3      3
4      3
      ..
470    1
471    2
472    2
473    1
474    1
Name: feature_frequency, Length: 475, dtype: int64"
authorization hold,1.1130366531529574,0,0,"0      2
1      1
2      3
3      3
4      3
      ..
470    1
471    2
472    2
473    1
474    1
Name: feature_frequency, Length: 475, dtype: int64"
negative rating,0,0,0.7326007333333333,"0      2
1      1
2      3
3      3
4      3
      ..
470    1
471    2
472    2
473    1
474    1
Name: feature_frequency, Length: 475, dtype: int64"
significant amount,1.156480984065561,0,0,"0      2
1      1
2      3
3      3
4      3
      ..
470    1
471    2
472    2
473    1
474    1
Name: feature_frequency, Length: 475, dtype: int64"
inflated price,1.156480984065561,0,0,"0      2
1      1
2      3
3      3
4      3
      ..
470    1
471    2
472    2
473    1
474    1
Name: feature_frequency, Length: 475, dtype: int64"
complete opposite,1.1632389910577934,0,0,"0      2
1      1
2      3
3      3
4      3
      ..
470    1
471    2
472    2
473    1
474    1
Name: feature_frequency, Length: 475, dtype: int64"
quality control,1.1304965470021162,0,0,"0      2
1      1
2      3
3      3
4      3
      ..
470    1
471    2
472    2
473    1
474    1
Name: feature_frequency, Length: 475, dtype: int64"
debit card,1.1141884184369024,0,0,"0      2
1      1
2      3
3      3
4      3
      ..
470    1
471    2
472    2
473    1
474    1
Name: feature_frequency, Length: 475, dtype: int64"
gift card,1.1141884184369024,0,0,"0      2
1      1
2      3
3      3
4      3
      ..
470    1
471    2
472    2
473    1
474    1
Name: feature_frequency, Length: 475, dtype: int64"
someone el,1.1474783412965521,0,0,"0      2
1      1
2      3
3      3
4      3
      ..
470    1
471    2
472    2
473    1
474    1
Name: feature_frequency, Length: 475, dtype: int64"
dash pas,1.1266417758065137,0,0,"0      2
1      1
2      3
3      3
4      3
      ..
470    1
471    2
472    2
473    1
474    1
Name: feature_frequency, Length: 475, dtype: int64"
home page,0,0,1.222111223076923,"0      2
1      1
2      3
3      3
4      3
      ..
470    1
471    2
472    2
473    1
474    1
Name: feature_frequency, Length: 475, dtype: int64"
re open,0,10.95757573408485,0,"0      2
1      1
2      3
3      3
4      3
      ..
470    1
471    2
472    2
473    1
474    1
Name: feature_frequency, Length: 475, dtype: int64"
follow simple,1.127702990947593,0,0,"0      2
1      1
2      3
3      3
4      3
      ..
470    1
471    2
472    2
473    1
474    1
Name: feature_frequency, Length: 475, dtype: int64"
own risk,1.127702990947593,0,0,"0      2
1      1
2      3
3      3
4      3
      ..
470    1
471    2
472    2
473    1
474    1
Name: feature_frequency, Length: 475, dtype: int64"
business practice,1.1549408455089547,0,0,"0      2
1      1
2      3
3      3
4      3
      ..
470    1
471    2
472    2
473    1
474    1
Name: feature_frequency, Length: 475, dtype: int64"
date night,1.14018910068295,0,0,"0      2
1      1
2      3
3      3
4      3
      ..
470    1
471    2
472    2
473    1
474    1
Name: feature_frequency, Length: 475, dtype: int64"
follow instruction,1.1045476205396563,0,0,"0      2
1      1
2      3
3      3
4      3
      ..
470    1
471    2
472    2
473    1
474    1
Name: feature_frequency, Length: 475, dtype: int64"
lunch break,1.1045476205396563,0,0,"0      2
1      1
2      3
3      3
4      3
      ..
470    1
471    2
472    2
473    1
474    1
Name: feature_frequency, Length: 475, dtype: int64"
star rating,0,12.45757573108485,0,"0      2
1      1
2      3
3      3
4      3
      ..
470    1
471    2
472    2
473    1
474    1
Name: feature_frequency, Length: 475, dtype: int64"
cart total,1.1305970130789764,0,0,"0      2
1      1
2      3
3      3
4      3
      ..
470    1
471    2
472    2
473    1
474    1
Name: feature_frequency, Length: 475, dtype: int64"
specific instruction,1.1075168991196969,0,0,"0      2
1      1
2      3
3      3
4      3
      ..
470    1
471    2
472    2
473    1
474    1
Name: feature_frequency, Length: 475, dtype: int64"
door dash,0,13.58257572883485,0,"0      2
1      1
2      3
3      3
4      3
      ..
470    1
471    2
472    2
473    1
474    1
Name: feature_frequency, Length: 475, dtype: int64"
hidden fee,1.1124503051908567,0,0,"0      2
1      1
2      3
3      3
4      3
      ..
470    1
471    2
472    2
473    1
474    1
Name: feature_frequency, Length: 475, dtype: int64"
double check,0,13.732575728534849,0,"0      2
1      1
2      3
3      3
4      3
      ..
470    1
471    2
472    2
473    1
474    1
Name: feature_frequency, Length: 475, dtype: int64"
low quality,1.078669529145334,0,0,"0      2
1      1
2      3
3      3
4      3
      ..
470    1
471    2
472    2
473    1
474    1
Name: feature_frequency, Length: 475, dtype: int64"
credit towards,1.06758558777954,0,0,"0      2
1      1
2      3
3      3
4      3
      ..
470    1
471    2
472    2
473    1
474    1
Name: feature_frequency, Length: 475, dtype: int64"
push notification,0,0,1.3075813076923075,"0      2
1      1
2      3
3      3
4      3
      ..
470    1
471    2
472    2
473    1
474    1
Name: feature_frequency, Length: 475, dtype: int64"
pick ups,1.0871763889902204,0,0,"0      2
1      1
2      3
3      3
4      3
      ..
470    1
471    2
472    2
473    1
474    1
Name: feature_frequency, Length: 475, dtype: int64"
only solution,1.0884008140658878,0,0,"0      2
1      1
2      3
3      3
4      3
      ..
470    1
471    2
472    2
473    1
474    1
Name: feature_frequency, Length: 475, dtype: int64"
multiple occasion,1.0424503303783734,0,0,"0      2
1      1
2      3
3      3
4      3
      ..
470    1
471    2
472    2
473    1
474    1
Name: feature_frequency, Length: 475, dtype: int64"
ice cold,1.0424503303783734,0,0,"0      2
1      1
2      3
3      3
4      3
      ..
470    1
471    2
472    2
473    1
474    1
Name: feature_frequency, Length: 475, dtype: int64"
solve problem,1.0541776491028514,0,0,"0      2
1      1
2      3
3      3
4      3
      ..
470    1
471    2
472    2
473    1
474    1
Name: feature_frequency, Length: 475, dtype: int64"
take advantage,1.0541776491028514,0,0,"0      2
1      1
2      3
3      3
4      3
      ..
470    1
471    2
472    2
473    1
474    1
Name: feature_frequency, Length: 475, dtype: int64"
luck next,1.0541776491028514,0,0,"0      2
1      1
2      3
3      3
4      3
      ..
470    1
471    2
472    2
473    1
474    1
Name: feature_frequency, Length: 475, dtype: int64"
main reason,0,16.73257572253485,0,"0      2
1      1
2      3
3      3
4      3
      ..
470    1
471    2
472    2
473    1
474    1
Name: feature_frequency, Length: 475, dtype: int64"
exact same,1.0541776491028514,0,0,"0      2
1      1
2      3
3      3
4      3
      ..
470    1
471    2
472    2
473    1
474    1
Name: feature_frequency, Length: 475, dtype: int64"
missing item,0,4.1831439369084285,0,"0      2
1      1
2      3
3      3
4      3
      ..
470    1
471    2
472    2
473    1
474    1
Name: feature_frequency, Length: 475, dtype: int64"
provide proof,1.0541776491028514,0,0,"0      2
1      1
2      3
3      3
4      3
      ..
470    1
471    2
472    2
473    1
474    1
Name: feature_frequency, Length: 475, dtype: int64"
confirmation email,1.0541776491028514,0,0,"0      2
1      1
2      3
3      3
4      3
      ..
470    1
471    2
472    2
473    1
474    1
Name: feature_frequency, Length: 475, dtype: int64"
true cost,0,0,2.375957376923077,"0      2
1      1
2      3
3      3
4      3
      ..
470    1
471    2
472    2
473    1
474    1
Name: feature_frequency, Length: 475, dtype: int64"
big deal,1.0541776491028514,0,0,"0      2
1      1
2      3
3      3
4      3
      ..
470    1
471    2
472    2
473    1
474    1
Name: feature_frequency, Length: 475, dtype: int64"
help center,1.0541776491028514,0,0,"0      2
1      1
2      3
3      3
4      3
      ..
470    1
471    2
472    2
473    1
474    1
Name: feature_frequency, Length: 475, dtype: int64"
only reason,1.0749517565174327,0,0,"0      2
1      1
2      3
3      3
4      3
      ..
470    1
471    2
472    2
473    1
474    1
Name: feature_frequency, Length: 475, dtype: int64"
calculate tip,0,4.852786793073606,0,"0      2
1      1
2      3
3      3
4      3
      ..
470    1
471    2
472    2
473    1
474    1
Name: feature_frequency, Length: 475, dtype: int64"
owe money,1.0749517565174327,0,0,"0      2
1      1
2      3
3      3
4      3
      ..
470    1
471    2
472    2
473    1
474    1
Name: feature_frequency, Length: 475, dtype: int64"
full amount,1.0749517565174327,0,0,"0      2
1      1
2      3
3      3
4      3
      ..
470    1
471    2
472    2
473    1
474    1
Name: feature_frequency, Length: 475, dtype: int64"
cover cost,1.0572830457722773,0,0,"0      2
1      1
2      3
3      3
4      3
      ..
470    1
471    2
472    2
473    1
474    1
Name: feature_frequency, Length: 475, dtype: int64"
last night,1.0196472625101907,0,0,"0      2
1      1
2      3
3      3
4      3
      ..
470    1
471    2
472    2
473    1
474    1
Name: feature_frequency, Length: 475, dtype: int64"
last straw,1.0196472625101907,0,0,"0      2
1      1
2      3
3      3
4      3
      ..
470    1
471    2
472    2
473    1
474    1
Name: feature_frequency, Length: 475, dtype: int64"
technical issue,1.0196472625101907,0,0,"0      2
1      1
2      3
3      3
4      3
      ..
470    1
471    2
472    2
473    1
474    1
Name: feature_frequency, Length: 475, dtype: int64"
please fix,0,4.852786793073606,0,"0      2
1      1
2      3
3      3
4      3
      ..
470    1
471    2
472    2
473    1
474    1
Name: feature_frequency, Length: 475, dtype: int64"
apple pay,1.0418951975668078,0,0,"0      2
1      1
2      3
3      3
4      3
      ..
470    1
471    2
472    2
473    1
474    1
Name: feature_frequency, Length: 475, dtype: int64"
most part,0,0,2.375957376923077,"0      2
1      1
2      3
3      3
4      3
      ..
470    1
471    2
472    2
473    1
474    1
Name: feature_frequency, Length: 475, dtype: int64"
accept cash,0,0,3.177239428205128,"0      2
1      1
2      3
3      3
4      3
      ..
470    1
471    2
472    2
473    1
474    1
Name: feature_frequency, Length: 475, dtype: int64"
large amount,1.0017777232561058,0,0,"0      2
1      1
2      3
3      3
4      3
      ..
470    1
471    2
472    2
473    1
474    1
Name: feature_frequency, Length: 475, dtype: int64"
uber eats,0.9966609552278425,0,0,"0      2
1      1
2      3
3      3
4      3
      ..
470    1
471    2
472    2
473    1
474    1
Name: feature_frequency, Length: 475, dtype: int64"
past couple,0.969829041194893,0,0,"0      2
1      1
2      3
3      3
4      3
      ..
470    1
471    2
472    2
473    1
474    1
Name: feature_frequency, Length: 475, dtype: int64"
front door,0.969829041194893,0,0,"0      2
1      1
2      3
3      3
4      3
      ..
470    1
471    2
472    2
473    1
474    1
Name: feature_frequency, Length: 475, dtype: int64"
negative review,0,5.4527867927736065,0,"0      2
1      1
2      3
3      3
4      3
      ..
470    1
471    2
472    2
473    1
474    1
Name: feature_frequency, Length: 475, dtype: int64"
ten minute,0.969829041194893,0,0,"0      2
1      1
2      3
3      3
4      3
      ..
470    1
471    2
472    2
473    1
474    1
Name: feature_frequency, Length: 475, dtype: int64"
correct address,0.9658287557327301,0,0,"0      2
1      1
2      3
3      3
4      3
      ..
470    1
471    2
472    2
473    1
474    1
Name: feature_frequency, Length: 475, dtype: int64"
error message,0.9823276861307483,0,0,"0      2
1      1
2      3
3      3
4      3
      ..
470    1
471    2
472    2
473    1
474    1
Name: feature_frequency, Length: 475, dtype: int64"
real person,0.9644266764459896,0,0,"0      2
1      1
2      3
3      3
4      3
      ..
470    1
471    2
472    2
473    1
474    1
Name: feature_frequency, Length: 475, dtype: int64"
convenience store,0.9423774008195331,0,0,"0      2
1      1
2      3
3      3
4      3
      ..
470    1
471    2
472    2
473    1
474    1
Name: feature_frequency, Length: 475, dtype: int64"
partial refund,0.9522698604363115,0,0,"0      2
1      1
2      3
3      3
4      3
      ..
470    1
471    2
472    2
473    1
474    1
Name: feature_frequency, Length: 475, dtype: int64"
phone number,0.9601838281297341,0,0,"0      2
1      1
2      3
3      3
4      3
      ..
470    1
471    2
472    2
473    1
474    1
Name: feature_frequency, Length: 475, dtype: int64"
add note,0.9601838281297341,0,0,"0      2
1      1
2      3
3      3
4      3
      ..
470    1
471    2
472    2
473    1
474    1
Name: feature_frequency, Length: 475, dtype: int64"
same exact,0,0,1.3922734573033706,"0      2
1      1
2      3
3      3
4      3
      ..
470    1
471    2
472    2
473    1
474    1
Name: feature_frequency, Length: 475, dtype: int64"
know man,0.9601838281297341,0,0,"0      2
1      1
2      3
3      3
4      3
      ..
470    1
471    2
472    2
473    1
474    1
Name: feature_frequency, Length: 475, dtype: int64"
bank account,0.9504059020439953,0,0,"0      2
1      1
2      3
3      3
4      3
      ..
470    1
471    2
472    2
473    1
474    1
Name: feature_frequency, Length: 475, dtype: int64"
whole process,0.9699893437352206,0,0,"0      2
1      1
2      3
3      3
4      3
      ..
470    1
471    2
472    2
473    1
474    1
Name: feature_frequency, Length: 475, dtype: int64"
credit card,0.8995260777609483,0,0,"0      2
1      1
2      3
3      3
4      3
      ..
470    1
471    2
472    2
473    1
474    1
Name: feature_frequency, Length: 475, dtype: int64"
year old,0.8798939860232516,0,0,"0      2
1      1
2      3
3      3
4      3
      ..
470    1
471    2
472    2
473    1
474    1
Name: feature_frequency, Length: 475, dtype: int64"
dollar coupon,0.8798939860232516,0,0,"0      2
1      1
2      3
3      3
4      3
      ..
470    1
471    2
472    2
473    1
474    1
Name: feature_frequency, Length: 475, dtype: int64"
resolve issue,0.8798939860232516,0,0,"0      2
1      1
2      3
3      3
4      3
      ..
470    1
471    2
472    2
473    1
474    1
Name: feature_frequency, Length: 475, dtype: int64"
only thing,0.8798939860232516,0,0,"0      2
1      1
2      3
3      3
4      3
      ..
470    1
471    2
472    2
473    1
474    1
Name: feature_frequency, Length: 475, dtype: int64"
loyal customer,0.8798939860232516,0,0,"0      2
1      1
2      3
3      3
4      3
      ..
470    1
471    2
472    2
473    1
474    1
Name: feature_frequency, Length: 475, dtype: int64"
save money,0.8798939860232516,0,0,"0      2
1      1
2      3
3      3
4      3
      ..
470    1
471    2
472    2
473    1
474    1
Name: feature_frequency, Length: 475, dtype: int64"
time frame,0,0,1.5920237696629211,"0      2
1      1
2      3
3      3
4      3
      ..
470    1
471    2
472    2
473    1
474    1
Name: feature_frequency, Length: 475, dtype: int64"
wasted time,0.8798939860232516,0,0,"0      2
1      1
2      3
3      3
4      3
      ..
470    1
471    2
472    2
473    1
474    1
Name: feature_frequency, Length: 475, dtype: int64"
time stamp,0.8798939860232516,0,0,"0      2
1      1
2      3
3      3
4      3
      ..
470    1
471    2
472    2
473    1
474    1
Name: feature_frequency, Length: 475, dtype: int64"
take responsibility,0.8976584621806822,0,0,"0      2
1      1
2      3
3      3
4      3
      ..
470    1
471    2
472    2
473    1
474    1
Name: feature_frequency, Length: 475, dtype: int64"
past month,0.9033430945510601,0,0,"0      2
1      1
2      3
3      3
4      3
      ..
470    1
471    2
472    2
473    1
474    1
Name: feature_frequency, Length: 475, dtype: int64"
bad luck,0.9033430945510601,0,0,"0      2
1      1
2      3
3      3
4      3
      ..
470    1
471    2
472    2
473    1
474    1
Name: feature_frequency, Length: 475, dtype: int64"
one accept,0.9033430945510601,0,0,"0      2
1      1
2      3
3      3
4      3
      ..
470    1
471    2
472    2
473    1
474    1
Name: feature_frequency, Length: 475, dtype: int64"
mark deliver,0.9033430945510601,0,0,"0      2
1      1
2      3
3      3
4      3
      ..
470    1
471    2
472    2
473    1
474    1
Name: feature_frequency, Length: 475, dtype: int64"
couple year,0.9028084972383135,0,0,"0      2
1      1
2      3
3      3
4      3
      ..
470    1
471    2
472    2
473    1
474    1
Name: feature_frequency, Length: 475, dtype: int64"
make sure,0.9028084972383135,0,0,"0      2
1      1
2      3
3      3
4      3
      ..
470    1
471    2
472    2
473    1
474    1
Name: feature_frequency, Length: 475, dtype: int64"
other apps,0.9028084972383135,0,0,"0      2
1      1
2      3
3      3
4      3
      ..
470    1
471    2
472    2
473    1
474    1
Name: feature_frequency, Length: 475, dtype: int64"
countless time,0.9205624604009879,0,0,"0      2
1      1
2      3
3      3
4      3
      ..
470    1
471    2
472    2
473    1
474    1
Name: feature_frequency, Length: 475, dtype: int64"
customer satisfaction,0,0,1.019353348920863,"0      2
1      1
2      3
3      3
4      3
      ..
470    1
471    2
472    2
473    1
474    1
Name: feature_frequency, Length: 475, dtype: int64"
business day,0.9205624604009879,0,0,"0      2
1      1
2      3
3      3
4      3
      ..
470    1
471    2
472    2
473    1
474    1
Name: feature_frequency, Length: 475, dtype: int64"
main issue,0.9205624604009879,0,0,"0      2
1      1
2      3
3      3
4      3
      ..
470    1
471    2
472    2
473    1
474    1
Name: feature_frequency, Length: 475, dtype: int64"
get rid,0.9031035778593223,0,0,"0      2
1      1
2      3
3      3
4      3
      ..
470    1
471    2
472    2
473    1
474    1
Name: feature_frequency, Length: 475, dtype: int64"
get ahold,0.9031035778593223,0,0,"0      2
1      1
2      3
3      3
4      3
      ..
470    1
471    2
472    2
473    1
474    1
Name: feature_frequency, Length: 475, dtype: int64"
get refunded,0.9031035778593223,0,0,"0      2
1      1
2      3
3      3
4      3
      ..
470    1
471    2
472    2
473    1
474    1
Name: feature_frequency, Length: 475, dtype: int64"
few year,0.9205208290976682,0,0,"0      2
1      1
2      3
3      3
4      3
      ..
470    1
471    2
472    2
473    1
474    1
Name: feature_frequency, Length: 475, dtype: int64"
card information,0.9044838089020065,0,0,"0      2
1      1
2      3
3      3
4      3
      ..
470    1
471    2
472    2
473    1
474    1
Name: feature_frequency, Length: 475, dtype: int64"
eat dinner,0.8862825988356475,0,0,"0      2
1      1
2      3
3      3
4      3
      ..
470    1
471    2
472    2
473    1
474    1
Name: feature_frequency, Length: 475, dtype: int64"
entire amount,0.8813559872744533,0,0,"0      2
1      1
2      3
3      3
4      3
      ..
470    1
471    2
472    2
473    1
474    1
Name: feature_frequency, Length: 475, dtype: int64"
uber cash,0.8813559872744533,0,0,"0      2
1      1
2      3
3      3
4      3
      ..
470    1
471    2
472    2
473    1
474    1
Name: feature_frequency, Length: 475, dtype: int64"
base price,0,3.115878167966892,0,"0      2
1      1
2      3
3      3
4      3
      ..
470    1
471    2
472    2
473    1
474    1
Name: feature_frequency, Length: 475, dtype: int64"
wrong address,0,3.544449596415871,0,"0      2
1      1
2      3
3      3
4      3
      ..
470    1
471    2
472    2
473    1
474    1
Name: feature_frequency, Length: 475, dtype: int64"
pay extra,0.8813559872744533,0,0,"0      2
1      1
2      3
3      3
4      3
      ..
470    1
471    2
472    2
473    1
474    1
Name: feature_frequency, Length: 475, dtype: int64"
whole point,0.8813559872744533,0,0,"0      2
1      1
2      3
3      3
4      3
      ..
470    1
471    2
472    2
473    1
474    1
Name: feature_frequency, Length: 475, dtype: int64"
actual price,0.893029334278539,0,0,"0      2
1      1
2      3
3      3
4      3
      ..
470    1
471    2
472    2
473    1
474    1
Name: feature_frequency, Length: 475, dtype: int64"
contact support,0.9597341743018853,0,0,"0      2
1      1
2      3
3      3
4      3
      ..
470    1
471    2
472    2
473    1
474    1
Name: feature_frequency, Length: 475, dtype: int64"
ridiculous amount,0.9570741127979103,0,0,"0      2
1      1
2      3
3      3
4      3
      ..
470    1
471    2
472    2
473    1
474    1
Name: feature_frequency, Length: 475, dtype: int64"
late night,0,3.8037353106275043,0,"0      2
1      1
2      3
3      3
4      3
      ..
470    1
471    2
472    2
473    1
474    1
Name: feature_frequency, Length: 475, dtype: int64"
money spent,0,3.8037353106275043,0,"0      2
1      1
2      3
3      3
4      3
      ..
470    1
471    2
472    2
473    1
474    1
Name: feature_frequency, Length: 475, dtype: int64"
bad experience,0.8973804070989909,0,0,"0      2
1      1
2      3
3      3
4      3
      ..
470    1
471    2
472    2
473    1
474    1
Name: feature_frequency, Length: 475, dtype: int64"
send message,0.9043971488552759,0,0,"0      2
1      1
2      3
3      3
4      3
      ..
470    1
471    2
472    2
473    1
474    1
Name: feature_frequency, Length: 475, dtype: int64"
go grab,0.9152007036407095,0,0,"0      2
1      1
2      3
3      3
4      3
      ..
470    1
471    2
472    2
473    1
474    1
Name: feature_frequency, Length: 475, dtype: int64"
customer service,0.9152007036407095,0,0,"0      2
1      1
2      3
3      3
4      3
      ..
470    1
471    2
472    2
473    1
474    1
Name: feature_frequency, Length: 475, dtype: int64"
total waste,0.935991049564467,0,0,"0      2
1      1
2      3
3      3
4      3
      ..
470    1
471    2
472    2
473    1
474    1
Name: feature_frequency, Length: 475, dtype: int64"
wait hour,0.9187991132875541,0,0,"0      2
1      1
2      3
3      3
4      3
      ..
470    1
471    2
472    2
473    1
474    1
Name: feature_frequency, Length: 475, dtype: int64"
awful experience,0.9079895479784859,0,0,"0      2
1      1
2      3
3      3
4      3
      ..
470    1
471    2
472    2
473    1
474    1
Name: feature_frequency, Length: 475, dtype: int64"
house number,0.9017540353304546,0,0,"0      2
1      1
2      3
3      3
4      3
      ..
470    1
471    2
472    2
473    1
474    1
Name: feature_frequency, Length: 475, dtype: int64"
arrival time,0.8910455201662115,0,0,"0      2
1      1
2      3
3      3
4      3
      ..
470    1
471    2
472    2
473    1
474    1
Name: feature_frequency, Length: 475, dtype: int64"
few month,0,4.332306739333626,0,"0      2
1      1
2      3
3      3
4      3
      ..
470    1
471    2
472    2
473    1
474    1
Name: feature_frequency, Length: 475, dtype: int64"
menu option,0,0,1.055324571942446,"0      2
1      1
2      3
3      3
4      3
      ..
470    1
471    2
472    2
473    1
474    1
Name: feature_frequency, Length: 475, dtype: int64"
same thing,0,5.018021024851993,0,"0      2
1      1
2      3
3      3
4      3
      ..
470    1
471    2
472    2
473    1
474    1
Name: feature_frequency, Length: 475, dtype: int64"
app crash,0.8779171787665075,0,0,"0      2
1      1
2      3
3      3
4      3
      ..
470    1
471    2
472    2
473    1
474    1
Name: feature_frequency, Length: 475, dtype: int64"
whole meal,0.8584566385331064,0,0,"0      2
1      1
2      3
3      3
4      3
      ..
470    1
471    2
472    2
473    1
474    1
Name: feature_frequency, Length: 475, dtype: int64"
company policy,0.8487462302134613,0,0,"0      2
1      1
2      3
3      3
4      3
      ..
470    1
471    2
472    2
473    1
474    1
Name: feature_frequency, Length: 475, dtype: int64"
add menu,0,5.018021024851993,0,"0      2
1      1
2      3
3      3
4      3
      ..
470    1
471    2
472    2
473    1
474    1
Name: feature_frequency, Length: 475, dtype: int64"
full refund,0.8120062844717092,0,0,"0      2
1      1
2      3
3      3
4      3
      ..
470    1
471    2
472    2
473    1
474    1
Name: feature_frequency, Length: 475, dtype: int64"
menu change,0.8120062844717092,0,0,"0      2
1      1
2      3
3      3
4      3
      ..
470    1
471    2
472    2
473    1
474    1
Name: feature_frequency, Length: 475, dtype: int64"
extra fee,0,5.332306739333626,0,"0      2
1      1
2      3
3      3
4      3
      ..
470    1
471    2
472    2
473    1
474    1
Name: feature_frequency, Length: 475, dtype: int64"
double dash,0.8090876816535437,0,0,"0      2
1      1
2      3
3      3
4      3
      ..
470    1
471    2
472    2
473    1
474    1
Name: feature_frequency, Length: 475, dtype: int64"
cancellation fee,0.8037910447493353,0,0,"0      2
1      1
2      3
3      3
4      3
      ..
470    1
471    2
472    2
473    1
474    1
Name: feature_frequency, Length: 475, dtype: int64"
grubhub guarantee,0.8037910447493353,0,0,"0      2
1      1
2      3
3      3
4      3
      ..
470    1
471    2
472    2
473    1
474    1
Name: feature_frequency, Length: 475, dtype: int64"
estimated delivery,0,4.551969167914153,0,"0      2
1      1
2      3
3      3
4      3
      ..
470    1
471    2
472    2
473    1
474    1
Name: feature_frequency, Length: 475, dtype: int64"
take long,0.7952718209350347,0,0,"0      2
1      1
2      3
3      3
4      3
      ..
470    1
471    2
472    2
473    1
474    1
Name: feature_frequency, Length: 475, dtype: int64"
fix issue,0.7668257936752099,0,0,"0      2
1      1
2      3
3      3
4      3
      ..
470    1
471    2
472    2
473    1
474    1
Name: feature_frequency, Length: 475, dtype: int64"
next day,0.7923750340292632,0,0,"0      2
1      1
2      3
3      3
4      3
      ..
470    1
471    2
472    2
473    1
474    1
Name: feature_frequency, Length: 475, dtype: int64"
single thing,0.773598424547301,0,0,"0      2
1      1
2      3
3      3
4      3
      ..
470    1
471    2
472    2
473    1
474    1
Name: feature_frequency, Length: 475, dtype: int64"
different location,0.773598424547301,0,0,"0      2
1      1
2      3
3      3
4      3
      ..
470    1
471    2
472    2
473    1
474    1
Name: feature_frequency, Length: 475, dtype: int64"
menu price,0.7852892606072087,0,0,"0      2
1      1
2      3
3      3
4      3
      ..
470    1
471    2
472    2
473    1
474    1
Name: feature_frequency, Length: 475, dtype: int64"
priority delivery,0.7852892606072087,0,0,"0      2
1      1
2      3
3      3
4      3
      ..
470    1
471    2
472    2
473    1
474    1
Name: feature_frequency, Length: 475, dtype: int64"
store close,0.7479745889432587,0,0,"0      2
1      1
2      3
3      3
4      3
      ..
470    1
471    2
472    2
473    1
474    1
Name: feature_frequency, Length: 475, dtype: int64"
most people,0.7439346324406645,0,0,"0      2
1      1
2      3
3      3
4      3
      ..
470    1
471    2
472    2
473    1
474    1
Name: feature_frequency, Length: 475, dtype: int64"
waste time,0.7557497462187994,0,0,"0      2
1      1
2      3
3      3
4      3
      ..
470    1
471    2
472    2
473    1
474    1
Name: feature_frequency, Length: 475, dtype: int64"
wrong location,0.7557497462187994,0,0,"0      2
1      1
2      3
3      3
4      3
      ..
470    1
471    2
472    2
473    1
474    1
Name: feature_frequency, Length: 475, dtype: int64"
support claim,0.7600819546198692,0,0,"0      2
1      1
2      3
3      3
4      3
      ..
470    1
471    2
472    2
473    1
474    1
Name: feature_frequency, Length: 475, dtype: int64"
menu item,0,4.443588950714285,0,"0      2
1      1
2      3
3      3
4      3
      ..
470    1
471    2
472    2
473    1
474    1
Name: feature_frequency, Length: 475, dtype: int64"
horrible experience,0.7600819546198692,0,0,"0      2
1      1
2      3
3      3
4      3
      ..
470    1
471    2
472    2
473    1
474    1
Name: feature_frequency, Length: 475, dtype: int64"
delivery apps,0.7600819546198692,0,0,"0      2
1      1
2      3
3      3
4      3
      ..
470    1
471    2
472    2
473    1
474    1
Name: feature_frequency, Length: 475, dtype: int64"
give coupon,0,0,1.2711519100719424,"0      2
1      1
2      3
3      3
4      3
      ..
470    1
471    2
472    2
473    1
474    1
Name: feature_frequency, Length: 475, dtype: int64"
wrong house,0.742535667820621,0,0,"0      2
1      1
2      3
3      3
4      3
      ..
470    1
471    2
472    2
473    1
474    1
Name: feature_frequency, Length: 475, dtype: int64"
live person,0.735758905883521,0,0,"0      2
1      1
2      3
3      3
4      3
      ..
470    1
471    2
472    2
473    1
474    1
Name: feature_frequency, Length: 475, dtype: int64"
additional charge,0,4.75311276,0,"0      2
1      1
2      3
3      3
4      3
      ..
470    1
471    2
472    2
473    1
474    1
Name: feature_frequency, Length: 475, dtype: int64"
treat customer,0.7586329529081933,0,0,"0      2
1      1
2      3
3      3
4      3
      ..
470    1
471    2
472    2
473    1
474    1
Name: feature_frequency, Length: 475, dtype: int64"
right location,0.7520169257941769,0,0,"0      2
1      1
2      3
3      3
4      3
      ..
470    1
471    2
472    2
473    1
474    1
Name: feature_frequency, Length: 475, dtype: int64"
full price,0.7646498965099326,0,0,"0      2
1      1
2      3
3      3
4      3
      ..
470    1
471    2
472    2
473    1
474    1
Name: feature_frequency, Length: 475, dtype: int64"
last week,0.7646498965099326,0,0,"0      2
1      1
2      3
3      3
4      3
      ..
470    1
471    2
472    2
473    1
474    1
Name: feature_frequency, Length: 475, dtype: int64"
last few,0.7646498965099326,0,0,"0      2
1      1
2      3
3      3
4      3
      ..
470    1
471    2
472    2
473    1
474    1
Name: feature_frequency, Length: 475, dtype: int64"
delivery fee,0,5.199541331428571,0,"0      2
1      1
2      3
3      3
4      3
      ..
470    1
471    2
472    2
473    1
474    1
Name: feature_frequency, Length: 475, dtype: int64"
leave review,0,5.395969902857143,0,"0      2
1      1
2      3
3      3
4      3
      ..
470    1
471    2
472    2
473    1
474    1
Name: feature_frequency, Length: 475, dtype: int64"
right address,0,0,1.2711519100719424,"0      2
1      1
2      3
3      3
4      3
      ..
470    1
471    2
472    2
473    1
474    1
Name: feature_frequency, Length: 475, dtype: int64"
free delivery,0,0,1.4150368021582733,"0      2
1      1
2      3
3      3
4      3
      ..
470    1
471    2
472    2
473    1
474    1
Name: feature_frequency, Length: 475, dtype: int64"
fast delivery,0,5.550731807857143,0,"0      2
1      1
2      3
3      3
4      3
      ..
470    1
471    2
472    2
473    1
474    1
Name: feature_frequency, Length: 475, dtype: int64"
multiple time,0.7646498965099326,0,0,"0      2
1      1
2      3
3      3
4      3
      ..
470    1
471    2
472    2
473    1
474    1
Name: feature_frequency, Length: 475, dtype: int64"
email response,0.7476962118087259,0,0,"0      2
1      1
2      3
3      3
4      3
      ..
470    1
471    2
472    2
473    1
474    1
Name: feature_frequency, Length: 475, dtype: int64"
good deal,0,5.82162588,0,"0      2
1      1
2      3
3      3
4      3
      ..
470    1
471    2
472    2
473    1
474    1
Name: feature_frequency, Length: 475, dtype: int64"
reach customer,0.7476962118087259,0,0,"0      2
1      1
2      3
3      3
4      3
      ..
470    1
471    2
472    2
473    1
474    1
Name: feature_frequency, Length: 475, dtype: int64"
local restaurant,0.7476962118087259,0,0,"0      2
1      1
2      3
3      3
4      3
      ..
470    1
471    2
472    2
473    1
474    1
Name: feature_frequency, Length: 475, dtype: int64"
low pay,0.7346651178907961,0,0,"0      2
1      1
2      3
3      3
4      3
      ..
470    1
471    2
472    2
473    1
474    1
Name: feature_frequency, Length: 475, dtype: int64"
first time,0.7346651178907961,0,0,"0      2
1      1
2      3
3      3
4      3
      ..
470    1
471    2
472    2
473    1
474    1
Name: feature_frequency, Length: 475, dtype: int64"
only problem,0,5.968054451428571,0,"0      2
1      1
2      3
3      3
4      3
      ..
470    1
471    2
472    2
473    1
474    1
Name: feature_frequency, Length: 475, dtype: int64"
half hour,0,0,1.7423749316546762,"0      2
1      1
2      3
3      3
4      3
      ..
470    1
471    2
472    2
473    1
474    1
Name: feature_frequency, Length: 475, dtype: int64"
inedible food,0.7298948009735717,0,0,"0      2
1      1
2      3
3      3
4      3
      ..
470    1
471    2
472    2
473    1
474    1
Name: feature_frequency, Length: 475, dtype: int64"
say sorry,0.7199394208589255,0,0,"0      2
1      1
2      3
3      3
4      3
      ..
470    1
471    2
472    2
473    1
474    1
Name: feature_frequency, Length: 475, dtype: int64"
only way,0.7199394208589255,0,0,"0      2
1      1
2      3
3      3
4      3
      ..
470    1
471    2
472    2
473    1
474    1
Name: feature_frequency, Length: 475, dtype: int64"
support system,0.7048908887581185,0,0,"0      2
1      1
2      3
3      3
4      3
      ..
470    1
471    2
472    2
473    1
474    1
Name: feature_frequency, Length: 475, dtype: int64"
star review,0.7048908887581185,0,0,"0      2
1      1
2      3
3      3
4      3
      ..
470    1
471    2
472    2
473    1
474    1
Name: feature_frequency, Length: 475, dtype: int64"
contact customer,0.738334885105152,0,0,"0      2
1      1
2      3
3      3
4      3
      ..
470    1
471    2
472    2
473    1
474    1
Name: feature_frequency, Length: 475, dtype: int64"
express delivery,0,6.235911594285715,0,"0      2
1      1
2      3
3      3
4      3
      ..
470    1
471    2
472    2
473    1
474    1
Name: feature_frequency, Length: 475, dtype: int64"
whole thing,0.738334885105152,0,0,"0      2
1      1
2      3
3      3
4      3
      ..
470    1
471    2
472    2
473    1
474    1
Name: feature_frequency, Length: 475, dtype: int64"
few minute,0.738334885105152,0,0,"0      2
1      1
2      3
3      3
4      3
      ..
470    1
471    2
472    2
473    1
474    1
Name: feature_frequency, Length: 475, dtype: int64"
next thing,0.7801398805389439,0,0,"0      2
1      1
2      3
3      3
4      3
      ..
470    1
471    2
472    2
473    1
474    1
Name: feature_frequency, Length: 475, dtype: int64"
thing happen,0.7890980938342407,0,0,"0      2
1      1
2      3
3      3
4      3
      ..
470    1
471    2
472    2
473    1
474    1
Name: feature_frequency, Length: 475, dtype: int64"
few dollar,0,6.235911594285715,0,"0      2
1      1
2      3
3      3
4      3
      ..
470    1
471    2
472    2
473    1
474    1
Name: feature_frequency, Length: 475, dtype: int64"
delivery window,0.7932785933776199,0,0,"0      2
1      1
2      3
3      3
4      3
      ..
470    1
471    2
472    2
473    1
474    1
Name: feature_frequency, Length: 475, dtype: int64"
next door,0.7932785933776199,0,0,"0      2
1      1
2      3
3      3
4      3
      ..
470    1
471    2
472    2
473    1
474    1
Name: feature_frequency, Length: 475, dtype: int64"
message say,0.7932785933776199,0,0,"0      2
1      1
2      3
3      3
4      3
      ..
470    1
471    2
472    2
473    1
474    1
Name: feature_frequency, Length: 475, dtype: int64"
long time,0.792726261404269,0,0,"0      2
1      1
2      3
3      3
4      3
      ..
470    1
471    2
472    2
473    1
474    1
Name: feature_frequency, Length: 475, dtype: int64"
second time,0.7910738707296865,0,0,"0      2
1      1
2      3
3      3
4      3
      ..
470    1
471    2
472    2
473    1
474    1
Name: feature_frequency, Length: 475, dtype: int64"
delivery person,0,6.950197308571429,0,"0      2
1      1
2      3
3      3
4      3
      ..
470    1
471    2
472    2
473    1
474    1
Name: feature_frequency, Length: 475, dtype: int64"
delivery instruction,0.7910738707296865,0,0,"0      2
1      1
2      3
3      3
4      3
      ..
470    1
471    2
472    2
473    1
474    1
Name: feature_frequency, Length: 475, dtype: int64"
lunch hour,0.7952427516032821,0,0,"0      2
1      1
2      3
3      3
4      3
      ..
470    1
471    2
472    2
473    1
474    1
Name: feature_frequency, Length: 475, dtype: int64"
many people,0,7.6644830228571434,0,"0      2
1      1
2      3
3      3
4      3
      ..
470    1
471    2
472    2
473    1
474    1
Name: feature_frequency, Length: 475, dtype: int64"
uber member,0.7952427516032821,0,0,"0      2
1      1
2      3
3      3
4      3
      ..
470    1
471    2
472    2
473    1
474    1
Name: feature_frequency, Length: 475, dtype: int64"
many issue,0.8285937985920456,0,0,"0      2
1      1
2      3
3      3
4      3
      ..
470    1
471    2
472    2
473    1
474    1
Name: feature_frequency, Length: 475, dtype: int64"
store credit,0,0,1.7423749316546762,"0      2
1      1
2      3
3      3
4      3
      ..
470    1
471    2
472    2
473    1
474    1
Name: feature_frequency, Length: 475, dtype: int64"
feel bad,0.8452693220864274,0,0,"0      2
1      1
2      3
3      3
4      3
      ..
470    1
471    2
472    2
473    1
474    1
Name: feature_frequency, Length: 475, dtype: int64"
few time,0.8515226433968205,0,0,"0      2
1      1
2      3
3      3
4      3
      ..
470    1
471    2
472    2
473    1
474    1
Name: feature_frequency, Length: 475, dtype: int64"
tip include,0.8545545567708052,0,0,"0      2
1      1
2      3
3      3
4      3
      ..
470    1
471    2
472    2
473    1
474    1
Name: feature_frequency, Length: 475, dtype: int64"
most other,0.8545545567708052,0,0,"0      2
1      1
2      3
3      3
4      3
      ..
470    1
471    2
472    2
473    1
474    1
Name: feature_frequency, Length: 475, dtype: int64"
same message,0.8545545567708052,0,0,"0      2
1      1
2      3
3      3
4      3
      ..
470    1
471    2
472    2
473    1
474    1
Name: feature_frequency, Length: 475, dtype: int64"
phone call,0.8545545567708052,0,0,"0      2
1      1
2      3
3      3
4      3
      ..
470    1
471    2
472    2
473    1
474    1
Name: feature_frequency, Length: 475, dtype: int64"
refund request,0.8545545567708052,0,0,"0      2
1      1
2      3
3      3
4      3
      ..
470    1
471    2
472    2
473    1
474    1
Name: feature_frequency, Length: 475, dtype: int64"
deliver wrong,0.8545545567708052,0,0,"0      2
1      1
2      3
3      3
4      3
      ..
470    1
471    2
472    2
473    1
474    1
Name: feature_frequency, Length: 475, dtype: int64"
different place,0.8545545567708052,0,0,"0      2
1      1
2      3
3      3
4      3
      ..
470    1
471    2
472    2
473    1
474    1
Name: feature_frequency, Length: 475, dtype: int64"
issue resolve,0.8545545567708052,0,0,"0      2
1      1
2      3
3      3
4      3
      ..
470    1
471    2
472    2
473    1
474    1
Name: feature_frequency, Length: 475, dtype: int64"
whole day,0.8510068107541526,0,0,"0      2
1      1
2      3
3      3
4      3
      ..
470    1
471    2
472    2
473    1
474    1
Name: feature_frequency, Length: 475, dtype: int64"
much money,0,7.950197308571429,0,"0      2
1      1
2      3
3      3
4      3
      ..
470    1
471    2
472    2
473    1
474    1
Name: feature_frequency, Length: 475, dtype: int64"
take care,0,8.307340165714287,0,"0      2
1      1
2      3
3      3
4      3
      ..
470    1
471    2
472    2
473    1
474    1
Name: feature_frequency, Length: 475, dtype: int64"
multiple people,0,0,1.424647738235294,"0      2
1      1
2      3
3      3
4      3
      ..
470    1
471    2
472    2
473    1
474    1
Name: feature_frequency, Length: 475, dtype: int64"
get further,0.8439989633637012,0,0,"0      2
1      1
2      3
3      3
4      3
      ..
470    1
471    2
472    2
473    1
474    1
Name: feature_frequency, Length: 475, dtype: int64"
do anything,0.8556648909050589,0,0,"0      2
1      1
2      3
3      3
4      3
      ..
470    1
471    2
472    2
473    1
474    1
Name: feature_frequency, Length: 475, dtype: int64"
el order,0.8608116236499482,0,0,"0      2
1      1
2      3
3      3
4      3
      ..
470    1
471    2
472    2
473    1
474    1
Name: feature_frequency, Length: 475, dtype: int64"
many other,0,0,1.424647738235294,"0      2
1      1
2      3
3      3
4      3
      ..
470    1
471    2
472    2
473    1
474    1
Name: feature_frequency, Length: 475, dtype: int64"
lot more,0,8.307340165714287,0,"0      2
1      1
2      3
3      3
4      3
      ..
470    1
471    2
472    2
473    1
474    1
Name: feature_frequency, Length: 475, dtype: int64"
more money,0,9.02162588,0,"0      2
1      1
2      3
3      3
4      3
      ..
470    1
471    2
472    2
473    1
474    1
Name: feature_frequency, Length: 475, dtype: int64"
available item,0.8576726285868649,0,0,"0      2
1      1
2      3
3      3
4      3
      ..
470    1
471    2
472    2
473    1
474    1
Name: feature_frequency, Length: 475, dtype: int64"
good experience,0,9.67162588,0,"0      2
1      1
2      3
3      3
4      3
      ..
470    1
471    2
472    2
473    1
474    1
Name: feature_frequency, Length: 475, dtype: int64"
support number,0.8576726285868649,0,0,"0      2
1      1
2      3
3      3
4      3
      ..
470    1
471    2
472    2
473    1
474    1
Name: feature_frequency, Length: 475, dtype: int64"
someone pick,0.8672448297423103,0,0,"0      2
1      1
2      3
3      3
4      3
      ..
470    1
471    2
472    2
473    1
474    1
Name: feature_frequency, Length: 475, dtype: int64"
charge more,0.8498135730057538,0,0,"0      2
1      1
2      3
3      3
4      3
      ..
470    1
471    2
472    2
473    1
474    1
Name: feature_frequency, Length: 475, dtype: int64"
online delivery,0,10.087102070714288,0,"0      2
1      1
2      3
3      3
4      3
      ..
470    1
471    2
472    2
473    1
474    1
Name: feature_frequency, Length: 475, dtype: int64"
dollar credit,0.8330692314374937,0,0,"0      2
1      1
2      3
3      3
4      3
      ..
470    1
471    2
472    2
473    1
474    1
Name: feature_frequency, Length: 475, dtype: int64"
group order,0.8330692314374937,0,0,"0      2
1      1
2      3
3      3
4      3
      ..
470    1
471    2
472    2
473    1
474    1
Name: feature_frequency, Length: 475, dtype: int64"
ur food,0.8330692314374937,0,0,"0      2
1      1
2      3
3      3
4      3
      ..
470    1
471    2
472    2
473    1
474    1
Name: feature_frequency, Length: 475, dtype: int64"
love grubhub,0,10.201387785000001,0,"0      2
1      1
2      3
3      3
4      3
      ..
470    1
471    2
472    2
473    1
474    1
Name: feature_frequency, Length: 475, dtype: int64"
couple time,0,0,1.424647738235294,"0      2
1      1
2      3
3      3
4      3
      ..
470    1
471    2
472    2
473    1
474    1
Name: feature_frequency, Length: 475, dtype: int64"
poor service,0.8340544087810983,0,0,"0      2
1      1
2      3
3      3
4      3
      ..
470    1
471    2
472    2
473    1
474    1
Name: feature_frequency, Length: 475, dtype: int64"
same price,0,9.964146210921895,0,"0      2
1      1
2      3
3      3
4      3
      ..
470    1
471    2
472    2
473    1
474    1
Name: feature_frequency, Length: 475, dtype: int64"
extra money,0.8280964370884188,0,0,"0      2
1      1
2      3
3      3
4      3
      ..
470    1
471    2
472    2
473    1
474    1
Name: feature_frequency, Length: 475, dtype: int64"
whole hour,0.8216667968376787,0,0,"0      2
1      1
2      3
3      3
4      3
      ..
470    1
471    2
472    2
473    1
474    1
Name: feature_frequency, Length: 475, dtype: int64"
email say,0,10.661820629688796,0,"0      2
1      1
2      3
3      3
4      3
      ..
470    1
471    2
472    2
473    1
474    1
Name: feature_frequency, Length: 475, dtype: int64"
restaurant page,0.8216667968376787,0,0,"0      2
1      1
2      3
3      3
4      3
      ..
470    1
471    2
472    2
473    1
474    1
Name: feature_frequency, Length: 475, dtype: int64"
several time,0,11.219960164702318,0,"0      2
1      1
2      3
3      3
4      3
      ..
470    1
471    2
472    2
473    1
474    1
Name: feature_frequency, Length: 475, dtype: int64"
pay more,0.8208701052880588,0,0,"0      2
1      1
2      3
3      3
4      3
      ..
470    1
471    2
472    2
473    1
474    1
Name: feature_frequency, Length: 475, dtype: int64"
different person,0.8208701052880588,0,0,"0      2
1      1
2      3
3      3
4      3
      ..
470    1
471    2
472    2
473    1
474    1
Name: feature_frequency, Length: 475, dtype: int64"
long day,0.8192813480709451,0,0,"0      2
1      1
2      3
3      3
4      3
      ..
470    1
471    2
472    2
473    1
474    1
Name: feature_frequency, Length: 475, dtype: int64"
fast food,0.8192813480709451,0,0,"0      2
1      1
2      3
3      3
4      3
      ..
470    1
471    2
472    2
473    1
474    1
Name: feature_frequency, Length: 475, dtype: int64"
order arrives,0.8037256000968502,0,0,"0      2
1      1
2      3
3      3
4      3
      ..
470    1
471    2
472    2
473    1
474    1
Name: feature_frequency, Length: 475, dtype: int64"
love doordash,0,11.568797374085769,0,"0      2
1      1
2      3
3      3
4      3
      ..
470    1
471    2
472    2
473    1
474    1
Name: feature_frequency, Length: 475, dtype: int64"
last time,0.7743214183392874,0,0,"0      2
1      1
2      3
3      3
4      3
      ..
470    1
471    2
472    2
473    1
474    1
Name: feature_frequency, Length: 475, dtype: int64"
spend hour,0.7714989010635034,0,0,"0      2
1      1
2      3
3      3
4      3
      ..
470    1
471    2
472    2
473    1
474    1
Name: feature_frequency, Length: 475, dtype: int64"
rate driver,0,0,1.424647738235294,"0      2
1      1
2      3
3      3
4      3
      ..
470    1
471    2
472    2
473    1
474    1
Name: feature_frequency, Length: 475, dtype: int64"
client do,0.7710304808346652,0,0,"0      2
1      1
2      3
3      3
4      3
      ..
470    1
471    2
472    2
473    1
474    1
Name: feature_frequency, Length: 475, dtype: int64"
next time,0.7505246304399862,0,0,"0      2
1      1
2      3
3      3
4      3
      ..
470    1
471    2
472    2
473    1
474    1
Name: feature_frequency, Length: 475, dtype: int64"
first thing,0.7483133327646947,0,0,"0      2
1      1
2      3
3      3
4      3
      ..
470    1
471    2
472    2
473    1
474    1
Name: feature_frequency, Length: 475, dtype: int64"
lose customer,0.7353144327711325,0,0,"0      2
1      1
2      3
3      3
4      3
      ..
470    1
471    2
472    2
473    1
474    1
Name: feature_frequency, Length: 475, dtype: int64"
hour late,0.7353144327711325,0,0,"0      2
1      1
2      3
3      3
4      3
      ..
470    1
471    2
472    2
473    1
474    1
Name: feature_frequency, Length: 475, dtype: int64"
minute drive,0.7526853647382763,0,0,"0      2
1      1
2      3
3      3
4      3
      ..
470    1
471    2
472    2
473    1
474    1
Name: feature_frequency, Length: 475, dtype: int64"
many time,0.7526853647382763,0,0,"0      2
1      1
2      3
3      3
4      3
      ..
470    1
471    2
472    2
473    1
474    1
Name: feature_frequency, Length: 475, dtype: int64"
incomplete order,0.7526853647382763,0,0,"0      2
1      1
2      3
3      3
4      3
      ..
470    1
471    2
472    2
473    1
474    1
Name: feature_frequency, Length: 475, dtype: int64"
same issue,0.7393288208637604,0,0,"0      2
1      1
2      3
3      3
4      3
      ..
470    1
471    2
472    2
473    1
474    1
Name: feature_frequency, Length: 475, dtype: int64"
get reimburse,0.7318365643391426,0,0,"0      2
1      1
2      3
3      3
4      3
      ..
470    1
471    2
472    2
473    1
474    1
Name: feature_frequency, Length: 475, dtype: int64"
delivery guy,0.7487263349734155,0,0,"0      2
1      1
2      3
3      3
4      3
      ..
470    1
471    2
472    2
473    1
474    1
Name: feature_frequency, Length: 475, dtype: int64"
many review,0.7462056863955732,0,0,"0      2
1      1
2      3
3      3
4      3
      ..
470    1
471    2
472    2
473    1
474    1
Name: feature_frequency, Length: 475, dtype: int64"
other delivery,0.7437019528121124,0,0,"0      2
1      1
2      3
3      3
4      3
      ..
470    1
471    2
472    2
473    1
474    1
Name: feature_frequency, Length: 475, dtype: int64"
use app,0.738990853875643,0,0,"0      2
1      1
2      3
3      3
4      3
      ..
470    1
471    2
472    2
473    1
474    1
Name: feature_frequency, Length: 475, dtype: int64"
find other,0.7447658727770521,0,0,"0      2
1      1
2      3
3      3
4      3
      ..
470    1
471    2
472    2
473    1
474    1
Name: feature_frequency, Length: 475, dtype: int64"
take cash,0.7447658727770521,0,0,"0      2
1      1
2      3
3      3
4      3
      ..
470    1
471    2
472    2
473    1
474    1
Name: feature_frequency, Length: 475, dtype: int64"
horrible service,0.7373904240168693,0,0,"0      2
1      1
2      3
3      3
4      3
      ..
470    1
471    2
472    2
473    1
474    1
Name: feature_frequency, Length: 475, dtype: int64"
use uber,0.7373904240168693,0,0,"0      2
1      1
2      3
3      3
4      3
      ..
470    1
471    2
472    2
473    1
474    1
Name: feature_frequency, Length: 475, dtype: int64"
own food,0.7373904240168693,0,0,"0      2
1      1
2      3
3      3
4      3
      ..
470    1
471    2
472    2
473    1
474    1
Name: feature_frequency, Length: 475, dtype: int64"
first place,0.7373904240168693,0,0,"0      2
1      1
2      3
3      3
4      3
      ..
470    1
471    2
472    2
473    1
474    1
Name: feature_frequency, Length: 475, dtype: int64"
many option,0.7511446509708862,0,0,"0      2
1      1
2      3
3      3
4      3
      ..
470    1
471    2
472    2
473    1
474    1
Name: feature_frequency, Length: 475, dtype: int64"
actual restaurant,0.7593971871366944,0,0,"0      2
1      1
2      3
3      3
4      3
      ..
470    1
471    2
472    2
473    1
474    1
Name: feature_frequency, Length: 475, dtype: int64"
place order,0.7759022594683106,0,0,"0      2
1      1
2      3
3      3
4      3
      ..
470    1
471    2
472    2
473    1
474    1
Name: feature_frequency, Length: 475, dtype: int64"
use doordash,0,11.568797374085769,0,"0      2
1      1
2      3
3      3
4      3
      ..
470    1
471    2
472    2
473    1
474    1
Name: feature_frequency, Length: 475, dtype: int64"
service fee,0.7695515078185856,0,0,"0      2
1      1
2      3
3      3
4      3
      ..
470    1
471    2
472    2
473    1
474    1
Name: feature_frequency, Length: 475, dtype: int64"
driver assign,0.7695515078185856,0,0,"0      2
1      1
2      3
3      3
4      3
      ..
470    1
471    2
472    2
473    1
474    1
Name: feature_frequency, Length: 475, dtype: int64"
time pass,0.7695515078185856,0,0,"0      2
1      1
2      3
3      3
4      3
      ..
470    1
471    2
472    2
473    1
474    1
Name: feature_frequency, Length: 475, dtype: int64"
text say,0.7695515078185856,0,0,"0      2
1      1
2      3
3      3
4      3
      ..
470    1
471    2
472    2
473    1
474    1
Name: feature_frequency, Length: 475, dtype: int64"
pizza place,0.7641310241569956,0,0,"0      2
1      1
2      3
3      3
4      3
      ..
470    1
471    2
472    2
473    1
474    1
Name: feature_frequency, Length: 475, dtype: int64"
different restaurant,0.7641310241569956,0,0,"0      2
1      1
2      3
3      3
4      3
      ..
470    1
471    2
472    2
473    1
474    1
Name: feature_frequency, Length: 475, dtype: int64"
quality food,0,12.266471792852668,0,"0      2
1      1
2      3
3      3
4      3
      ..
470    1
471    2
472    2
473    1
474    1
Name: feature_frequency, Length: 475, dtype: int64"
person deliver,0.7600131025593424,0,0,"0      2
1      1
2      3
3      3
4      3
      ..
470    1
471    2
472    2
473    1
474    1
Name: feature_frequency, Length: 475, dtype: int64"
be able,0.7600131025593424,0,0,"0      2
1      1
2      3
3      3
4      3
      ..
470    1
471    2
472    2
473    1
474    1
Name: feature_frequency, Length: 475, dtype: int64"
food arrive,0.7600131025593424,0,0,"0      2
1      1
2      3
3      3
4      3
      ..
470    1
471    2
472    2
473    1
474    1
Name: feature_frequency, Length: 475, dtype: int64"
take money,0.7600131025593424,0,0,"0      2
1      1
2      3
3      3
4      3
      ..
470    1
471    2
472    2
473    1
474    1
Name: feature_frequency, Length: 475, dtype: int64"
more dollar,0,12.402518304512215,0,"0      2
1      1
2      3
3      3
4      3
      ..
470    1
471    2
472    2
473    1
474    1
Name: feature_frequency, Length: 475, dtype: int64"
driver drop,0.7536166193296109,0,0,"0      2
1      1
2      3
3      3
4      3
      ..
470    1
471    2
472    2
473    1
474    1
Name: feature_frequency, Length: 475, dtype: int64"
pick food,0,0,1.5827359735294115,"0      2
1      1
2      3
3      3
4      3
      ..
470    1
471    2
472    2
473    1
474    1
Name: feature_frequency, Length: 475, dtype: int64"
want full,0,12.460657839176898,0,"0      2
1      1
2      3
3      3
4      3
      ..
470    1
471    2
472    2
473    1
474    1
Name: feature_frequency, Length: 475, dtype: int64"
hot food,0.753314709440262,0,0,"0      2
1      1
2      3
3      3
4      3
      ..
470    1
471    2
472    2
473    1
474    1
Name: feature_frequency, Length: 475, dtype: int64"
order status,0.7577659837921548,0,0,"0      2
1      1
2      3
3      3
4      3
      ..
470    1
471    2
472    2
473    1
474    1
Name: feature_frequency, Length: 475, dtype: int64"
look good,0.7577659837921548,0,0,"0      2
1      1
2      3
3      3
4      3
      ..
470    1
471    2
472    2
473    1
474    1
Name: feature_frequency, Length: 475, dtype: int64"
be careful,0.7563807621016644,0,0,"0      2
1      1
2      3
3      3
4      3
      ..
470    1
471    2
472    2
473    1
474    1
Name: feature_frequency, Length: 475, dtype: int64"
something wrong,0,11.869170919680593,0,"0      2
1      1
2      3
3      3
4      3
      ..
470    1
471    2
472    2
473    1
474    1
Name: feature_frequency, Length: 475, dtype: int64"
be aware,0,12.201449400861494,0,"0      2
1      1
2      3
3      3
4      3
      ..
470    1
471    2
472    2
473    1
474    1
Name: feature_frequency, Length: 475, dtype: int64"
company need,0.7587800562270293,0,0,"0      2
1      1
2      3
3      3
4      3
      ..
470    1
471    2
472    2
473    1
474    1
Name: feature_frequency, Length: 475, dtype: int64"
grubhub decide,0.7575683034403579,0,0,"0      2
1      1
2      3
3      3
4      3
      ..
470    1
471    2
472    2
473    1
474    1
Name: feature_frequency, Length: 475, dtype: int64"
cold food,0.7575683034403579,0,0,"0      2
1      1
2      3
3      3
4      3
      ..
470    1
471    2
472    2
473    1
474    1
Name: feature_frequency, Length: 475, dtype: int64"
free grubhub,0.7575683034403579,0,0,"0      2
1      1
2      3
3      3
4      3
      ..
470    1
471    2
472    2
473    1
474    1
Name: feature_frequency, Length: 475, dtype: int64"
find option,0.7562264426190026,0,0,"0      2
1      1
2      3
3      3
4      3
      ..
470    1
471    2
472    2
473    1
474    1
Name: feature_frequency, Length: 475, dtype: int64"
one call,0.7397173938724722,0,0,"0      2
1      1
2      3
3      3
4      3
      ..
470    1
471    2
472    2
473    1
474    1
Name: feature_frequency, Length: 475, dtype: int64"
other person,0.7173456109699147,0,0,"0      2
1      1
2      3
3      3
4      3
      ..
470    1
471    2
472    2
473    1
474    1
Name: feature_frequency, Length: 475, dtype: int64"
be honest,0,0,1.5375149457142854,"0      2
1      1
2      3
3      3
4      3
      ..
470    1
471    2
472    2
473    1
474    1
Name: feature_frequency, Length: 475, dtype: int64"
be prepared,0.7124971886871525,0,0,"0      2
1      1
2      3
3      3
4      3
      ..
470    1
471    2
472    2
473    1
474    1
Name: feature_frequency, Length: 475, dtype: int64"
driver steal,0.7124971886871525,0,0,"0      2
1      1
2      3
3      3
4      3
      ..
470    1
471    2
472    2
473    1
474    1
Name: feature_frequency, Length: 475, dtype: int64"
use grubhub,0,0,1.6803720885714282,"0      2
1      1
2      3
3      3
4      3
      ..
470    1
471    2
472    2
473    1
474    1
Name: feature_frequency, Length: 475, dtype: int64"
good company,0.7124971886871525,0,0,"0      2
1      1
2      3
3      3
4      3
      ..
470    1
471    2
472    2
473    1
474    1
Name: feature_frequency, Length: 475, dtype: int64"
tip amount,0.7054336167655574,0,0,"0      2
1      1
2      3
3      3
4      3
      ..
470    1
471    2
472    2
473    1
474    1
Name: feature_frequency, Length: 475, dtype: int64"
anyone use,0.7054336167655574,0,0,"0      2
1      1
2      3
3      3
4      3
      ..
470    1
471    2
472    2
473    1
474    1
Name: feature_frequency, Length: 475, dtype: int64"
be ashamed,0.6973962500095384,0,0,"0      2
1      1
2      3
3      3
4      3
      ..
470    1
471    2
472    2
473    1
474    1
Name: feature_frequency, Length: 475, dtype: int64"
new driver,0.6973962500095384,0,0,"0      2
1      1
2      3
3      3
4      3
      ..
470    1
471    2
472    2
473    1
474    1
Name: feature_frequency, Length: 475, dtype: int64"
many thing,0.6977637826719939,0,0,"0      2
1      1
2      3
3      3
4      3
      ..
470    1
471    2
472    2
473    1
474    1
Name: feature_frequency, Length: 475, dtype: int64"
order detail,0.6999689786467268,0,0,"0      2
1      1
2      3
3      3
4      3
      ..
470    1
471    2
472    2
473    1
474    1
Name: feature_frequency, Length: 475, dtype: int64"
re order,0,0,1.6803720885714282,"0      2
1      1
2      3
3      3
4      3
      ..
470    1
471    2
472    2
473    1
474    1
Name: feature_frequency, Length: 475, dtype: int64"
chat support,0.7029092399463708,0,0,"0      2
1      1
2      3
3      3
4      3
      ..
470    1
471    2
472    2
473    1
474    1
Name: feature_frequency, Length: 475, dtype: int64"
have trouble,0.7029092399463708,0,0,"0      2
1      1
2      3
3      3
4      3
      ..
470    1
471    2
472    2
473    1
474    1
Name: feature_frequency, Length: 475, dtype: int64"
be grateful,0.7043793705961927,0,0,"0      2
1      1
2      3
3      3
4      3
      ..
470    1
471    2
472    2
473    1
474    1
Name: feature_frequency, Length: 475, dtype: int64"
be pricy,0,0,1.8827530411428568,"0      2
1      1
2      3
3      3
4      3
      ..
470    1
471    2
472    2
473    1
474    1
Name: feature_frequency, Length: 475, dtype: int64"
take day,0.7026401815955288,0,0,"0      2
1      1
2      3
3      3
4      3
      ..
470    1
471    2
472    2
473    1
474    1
Name: feature_frequency, Length: 475, dtype: int64"
keep say,0.6985425290581792,0,0,"0      2
1      1
2      3
3      3
4      3
      ..
470    1
471    2
472    2
473    1
474    1
Name: feature_frequency, Length: 475, dtype: int64"
be ready,0,12.492193071894782,0,"0      2
1      1
2      3
3      3
4      3
      ..
470    1
471    2
472    2
473    1
474    1
Name: feature_frequency, Length: 475, dtype: int64"
min try,0,12.671254253124687,0,"0      2
1      1
2      3
3      3
4      3
      ..
470    1
471    2
472    2
473    1
474    1
Name: feature_frequency, Length: 475, dtype: int64"
great service,0,12.671254253124687,0,"0      2
1      1
2      3
3      3
4      3
      ..
470    1
471    2
472    2
473    1
474    1
Name: feature_frequency, Length: 475, dtype: int64"
original order,0.6944923927439774,0,0,"0      2
1      1
2      3
3      3
4      3
      ..
470    1
471    2
472    2
473    1
474    1
Name: feature_frequency, Length: 475, dtype: int64"
delivery address,0,0,1.6474089109999999,"0      2
1      1
2      3
3      3
4      3
      ..
470    1
471    2
472    2
473    1
474    1
Name: feature_frequency, Length: 475, dtype: int64"
be available,0.698840878497231,0,0,"0      2
1      1
2      3
3      3
4      3
      ..
470    1
471    2
472    2
473    1
474    1
Name: feature_frequency, Length: 475, dtype: int64"
delivery service,0,12.766190962128453,0,"0      2
1      1
2      3
3      3
4      3
      ..
470    1
471    2
472    2
473    1
474    1
Name: feature_frequency, Length: 475, dtype: int64"
delivery driver,0.7278307835189219,0,0,"0      2
1      1
2      3
3      3
4      3
      ..
470    1
471    2
472    2
473    1
474    1
Name: feature_frequency, Length: 475, dtype: int64"
extra hour,0.7278307835189219,0,0,"0      2
1      1
2      3
3      3
4      3
      ..
470    1
471    2
472    2
473    1
474    1
Name: feature_frequency, Length: 475, dtype: int64"
expect customer,0.74957321228519,0,0,"0      2
1      1
2      3
3      3
4      3
      ..
470    1
471    2
472    2
473    1
474    1
Name: feature_frequency, Length: 475, dtype: int64"
need help,0,13.430747924490253,0,"0      2
1      1
2      3
3      3
4      3
      ..
470    1
471    2
472    2
473    1
474    1
Name: feature_frequency, Length: 475, dtype: int64"
different driver,0,0,1.7724089109999999,"0      2
1      1
2      3
3      3
4      3
      ..
470    1
471    2
472    2
473    1
474    1
Name: feature_frequency, Length: 475, dtype: int64"
driver pick,0.7459689507726432,0,0,"0      2
1      1
2      3
3      3
4      3
      ..
470    1
471    2
472    2
473    1
474    1
Name: feature_frequency, Length: 475, dtype: int64"
provide refund,0.7250508639816727,0,0,"0      2
1      1
2      3
3      3
4      3
      ..
470    1
471    2
472    2
473    1
474    1
Name: feature_frequency, Length: 475, dtype: int64"
be acceptable,0.7250508639816727,0,0,"0      2
1      1
2      3
3      3
4      3
      ..
470    1
471    2
472    2
473    1
474    1
Name: feature_frequency, Length: 475, dtype: int64"
be fan,0.7250508639816727,0,0,"0      2
1      1
2      3
3      3
4      3
      ..
470    1
471    2
472    2
473    1
474    1
Name: feature_frequency, Length: 475, dtype: int64"
deliver food,0.7250508639816727,0,0,"0      2
1      1
2      3
3      3
4      3
      ..
470    1
471    2
472    2
473    1
474    1
Name: feature_frequency, Length: 475, dtype: int64"
support person,0.7195024839422564,0,0,"0      2
1      1
2      3
3      3
4      3
      ..
470    1
471    2
472    2
473    1
474    1
Name: feature_frequency, Length: 475, dtype: int64"
new place,0,13.71872260795885,0,"0      2
1      1
2      3
3      3
4      3
      ..
470    1
471    2
472    2
473    1
474    1
Name: feature_frequency, Length: 475, dtype: int64"
subscription service,0.7310970310943249,0,0,"0      2
1      1
2      3
3      3
4      3
      ..
470    1
471    2
472    2
473    1
474    1
Name: feature_frequency, Length: 475, dtype: int64"
other day,0.7310970310943249,0,0,"0      2
1      1
2      3
3      3
4      3
      ..
470    1
471    2
472    2
473    1
474    1
Name: feature_frequency, Length: 475, dtype: int64"
wrong place,0.7300812357376255,0,0,"0      2
1      1
2      3
3      3
4      3
      ..
470    1
471    2
472    2
473    1
474    1
Name: feature_frequency, Length: 475, dtype: int64"
make more,0,13.984545392903568,0,"0      2
1      1
2      3
3      3
4      3
      ..
470    1
471    2
472    2
473    1
474    1
Name: feature_frequency, Length: 475, dtype: int64"
food come,0.725044307602644,0,0,"0      2
1      1
2      3
3      3
4      3
      ..
470    1
471    2
472    2
473    1
474    1
Name: feature_frequency, Length: 475, dtype: int64"
most restaurant,0,0,1.7724089109999999,"0      2
1      1
2      3
3      3
4      3
      ..
470    1
471    2
472    2
473    1
474    1
Name: feature_frequency, Length: 475, dtype: int64"
be lazy,0,0,1.6616333543221302,"0      2
1      1
2      3
3      3
4      3
      ..
470    1
471    2
472    2
473    1
474    1
Name: feature_frequency, Length: 475, dtype: int64"
be closed,0.725044307602644,0,0,"0      2
1      1
2      3
3      3
4      3
      ..
470    1
471    2
472    2
473    1
474    1
Name: feature_frequency, Length: 475, dtype: int64"
be convenient,0.7190909817203059,0,0,"0      2
1      1
2      3
3      3
4      3
      ..
470    1
471    2
472    2
473    1
474    1
Name: feature_frequency, Length: 475, dtype: int64"
have problem,0.7190909817203059,0,0,"0      2
1      1
2      3
3      3
4      3
      ..
470    1
471    2
472    2
473    1
474    1
Name: feature_frequency, Length: 475, dtype: int64"
be perfect,0.7464609222876752,0,0,"0      2
1      1
2      3
3      3
4      3
      ..
470    1
471    2
472    2
473    1
474    1
Name: feature_frequency, Length: 475, dtype: int64"
be super,0,14.150684633494018,0,"0      2
1      1
2      3
3      3
4      3
      ..
470    1
471    2
472    2
473    1
474    1
Name: feature_frequency, Length: 475, dtype: int64"
full time,0,14.482963114674918,0,"0      2
1      1
2      3
3      3
4      3
      ..
470    1
471    2
472    2
473    1
474    1
Name: feature_frequency, Length: 475, dtype: int64"
different delivery,0.7478294193160437,0,0,"0      2
1      1
2      3
3      3
4      3
      ..
470    1
471    2
472    2
473    1
474    1
Name: feature_frequency, Length: 475, dtype: int64"
other fee,0.7478294193160437,0,0,"0      2
1      1
2      3
3      3
4      3
      ..
470    1
471    2
472    2
473    1
474    1
Name: feature_frequency, Length: 475, dtype: int64"
be happy,0,14.482963114674918,0,"0      2
1      1
2      3
3      3
4      3
      ..
470    1
471    2
472    2
473    1
474    1
Name: feature_frequency, Length: 475, dtype: int64"
confirm order,0.7478294193160437,0,0,"0      2
1      1
2      3
3      3
4      3
      ..
470    1
471    2
472    2
473    1
474    1
Name: feature_frequency, Length: 475, dtype: int64"
get money,0,12.033830978065179,0,"0      2
1      1
2      3
3      3
4      3
      ..
470    1
471    2
472    2
473    1
474    1
Name: feature_frequency, Length: 475, dtype: int64"
same restaurant,0.7279066573653613,0,0,"0      2
1      1
2      3
3      3
4      3
      ..
470    1
471    2
472    2
473    1
474    1
Name: feature_frequency, Length: 475, dtype: int64"
uber eat,0.7303043279159547,0,0,"0      2
1      1
2      3
3      3
4      3
      ..
470    1
471    2
472    2
473    1
474    1
Name: feature_frequency, Length: 475, dtype: int64"
something go,0.7362985042924381,0,0,"0      2
1      1
2      3
3      3
4      3
      ..
470    1
471    2
472    2
473    1
474    1
Name: feature_frequency, Length: 475, dtype: int64"
love uber,0.7362985042924381,0,0,"0      2
1      1
2      3
3      3
4      3
      ..
470    1
471    2
472    2
473    1
474    1
Name: feature_frequency, Length: 475, dtype: int64"
be nice,0.7362985042924381,0,0,"0      2
1      1
2      3
3      3
4      3
      ..
470    1
471    2
472    2
473    1
474    1
Name: feature_frequency, Length: 475, dtype: int64"
be cheap,0,12.199484223820985,0,"0      2
1      1
2      3
3      3
4      3
      ..
470    1
471    2
472    2
473    1
474    1
Name: feature_frequency, Length: 475, dtype: int64"
add item,0,12.199484223820985,0,"0      2
1      1
2      3
3      3
4      3
      ..
470    1
471    2
472    2
473    1
474    1
Name: feature_frequency, Length: 475, dtype: int64"
be deactivate,0.7442907394610827,0,0,"0      2
1      1
2      3
3      3
4      3
      ..
470    1
471    2
472    2
473    1
474    1
Name: feature_frequency, Length: 475, dtype: int64"
next order,0.7383893580653996,0,0,"0      2
1      1
2      3
3      3
4      3
      ..
470    1
471    2
472    2
473    1
474    1
Name: feature_frequency, Length: 475, dtype: int64"
great app,0.7383893580653996,0,0,"0      2
1      1
2      3
3      3
4      3
      ..
470    1
471    2
472    2
473    1
474    1
Name: feature_frequency, Length: 475, dtype: int64"
be fair,0.7290759351624443,0,0,"0      2
1      1
2      3
3      3
4      3
      ..
470    1
471    2
472    2
473    1
474    1
Name: feature_frequency, Length: 475, dtype: int64"
multiple item,0.7290759351624443,0,0,"0      2
1      1
2      3
3      3
4      3
      ..
470    1
471    2
472    2
473    1
474    1
Name: feature_frequency, Length: 475, dtype: int64"
food sit,0,0,1.6616333543221302,"0      2
1      1
2      3
3      3
4      3
      ..
470    1
471    2
472    2
473    1
474    1
Name: feature_frequency, Length: 475, dtype: int64"
many refund,0.7290759351624443,0,0,"0      2
1      1
2      3
3      3
4      3
      ..
470    1
471    2
472    2
473    1
474    1
Name: feature_frequency, Length: 475, dtype: int64"
driver take,0.7290759351624443,0,0,"0      2
1      1
2      3
3      3
4      3
      ..
470    1
471    2
472    2
473    1
474    1
Name: feature_frequency, Length: 475, dtype: int64"
have deal,0,12.199484223820985,0,"0      2
1      1
2      3
3      3
4      3
      ..
470    1
471    2
472    2
473    1
474    1
Name: feature_frequency, Length: 475, dtype: int64"
issue refund,0.7290759351624443,0,0,"0      2
1      1
2      3
3      3
4      3
      ..
470    1
471    2
472    2
473    1
474    1
Name: feature_frequency, Length: 475, dtype: int64"
say help,0,11.171386228262875,0,"0      2
1      1
2      3
3      3
4      3
      ..
470    1
471    2
472    2
473    1
474    1
Name: feature_frequency, Length: 475, dtype: int64"
order direct,0.7290759351624443,0,0,"0      2
1      1
2      3
3      3
4      3
      ..
470    1
471    2
472    2
473    1
474    1
Name: feature_frequency, Length: 475, dtype: int64"
make thing,0.7215441135215518,0,0,"0      2
1      1
2      3
3      3
4      3
      ..
470    1
471    2
472    2
473    1
474    1
Name: feature_frequency, Length: 475, dtype: int64"
contact uber,0.7280007640548176,0,0,"0      2
1      1
2      3
3      3
4      3
      ..
470    1
471    2
472    2
473    1
474    1
Name: feature_frequency, Length: 475, dtype: int64"
hour wait,0.7261254287999859,0,0,"0      2
1      1
2      3
3      3
4      3
      ..
470    1
471    2
472    2
473    1
474    1
Name: feature_frequency, Length: 475, dtype: int64"
delivery time,0.7304187742449758,0,0,"0      2
1      1
2      3
3      3
4      3
      ..
470    1
471    2
472    2
473    1
474    1
Name: feature_frequency, Length: 475, dtype: int64"
be great,0,0,1.8960083543587511,"0      2
1      1
2      3
3      3
4      3
      ..
470    1
471    2
472    2
473    1
474    1
Name: feature_frequency, Length: 475, dtype: int64"
be possible,0.7180867955719684,0,0,"0      2
1      1
2      3
3      3
4      3
      ..
470    1
471    2
472    2
473    1
474    1
Name: feature_frequency, Length: 475, dtype: int64"
wrong item,0.7131203279716284,0,0,"0      2
1      1
2      3
3      3
4      3
      ..
470    1
471    2
472    2
473    1
474    1
Name: feature_frequency, Length: 475, dtype: int64"
have multiple,0.706017789296658,0,0,"0      2
1      1
2      3
3      3
4      3
      ..
470    1
471    2
472    2
473    1
474    1
Name: feature_frequency, Length: 475, dtype: int64"
previous order,0.7038271703445566,0,0,"0      2
1      1
2      3
3      3
4      3
      ..
470    1
471    2
472    2
473    1
474    1
Name: feature_frequency, Length: 475, dtype: int64"
job do,0.7038271703445566,0,0,"0      2
1      1
2      3
3      3
4      3
      ..
470    1
471    2
472    2
473    1
474    1
Name: feature_frequency, Length: 475, dtype: int64"
delivery option,0.7018361812424336,0,0,"0      2
1      1
2      3
3      3
4      3
      ..
470    1
471    2
472    2
473    1
474    1
Name: feature_frequency, Length: 475, dtype: int64"
dinner time,0.7018361812424336,0,0,"0      2
1      1
2      3
3      3
4      3
      ..
470    1
471    2
472    2
473    1
474    1
Name: feature_frequency, Length: 475, dtype: int64"
be punish,0.7018361812424336,0,0,"0      2
1      1
2      3
3      3
4      3
      ..
470    1
471    2
472    2
473    1
474    1
Name: feature_frequency, Length: 475, dtype: int64"
new customer,0,0,1.9350708542086046,"0      2
1      1
2      3
3      3
4      3
      ..
470    1
471    2
472    2
473    1
474    1
Name: feature_frequency, Length: 475, dtype: int64"
get ready,0.7080241899685674,0,0,"0      2
1      1
2      3
3      3
4      3
      ..
470    1
471    2
472    2
473    1
474    1
Name: feature_frequency, Length: 475, dtype: int64"
recent order,0.7095093120628395,0,0,"0      2
1      1
2      3
3      3
4      3
      ..
470    1
471    2
472    2
473    1
474    1
Name: feature_frequency, Length: 475, dtype: int64"
order something,0.7095093120628395,0,0,"0      2
1      1
2      3
3      3
4      3
      ..
470    1
471    2
472    2
473    1
474    1
Name: feature_frequency, Length: 475, dtype: int64"
have issue,0.7095093120628395,0,0,"0      2
1      1
2      3
3      3
4      3
      ..
470    1
471    2
472    2
473    1
474    1
Name: feature_frequency, Length: 475, dtype: int64"
make money,0.7062316861852497,0,0,"0      2
1      1
2      3
3      3
4      3
      ..
470    1
471    2
472    2
473    1
474    1
Name: feature_frequency, Length: 475, dtype: int64"
day go,0.7259418391599272,0,0,"0      2
1      1
2      3
3      3
4      3
      ..
470    1
471    2
472    2
473    1
474    1
Name: feature_frequency, Length: 475, dtype: int64"
get food,0,11.255660118592651,0,"0      2
1      1
2      3
3      3
4      3
      ..
470    1
471    2
472    2
473    1
474    1
Name: feature_frequency, Length: 475, dtype: int64"
be complete,0,11.634892624318173,0,"0      2
1      1
2      3
3      3
4      3
      ..
470    1
471    2
472    2
473    1
474    1
Name: feature_frequency, Length: 475, dtype: int64"
be rip,0.7277896660013032,0,0,"0      2
1      1
2      3
3      3
4      3
      ..
470    1
471    2
472    2
473    1
474    1
Name: feature_frequency, Length: 475, dtype: int64"
be true,0.72333434394785,0,0,"0      2
1      1
2      3
3      3
4      3
      ..
470    1
471    2
472    2
473    1
474    1
Name: feature_frequency, Length: 475, dtype: int64"
food delivery,0,11.707127387385746,0,"0      2
1      1
2      3
3      3
4      3
      ..
470    1
471    2
472    2
473    1
474    1
Name: feature_frequency, Length: 475, dtype: int64"
tip more,0,0,1.9350708542086046,"0      2
1      1
2      3
3      3
4      3
      ..
470    1
471    2
472    2
473    1
474    1
Name: feature_frequency, Length: 475, dtype: int64"
allow driver,0.72333434394785,0,0,"0      2
1      1
2      3
3      3
4      3
      ..
470    1
471    2
472    2
473    1
474    1
Name: feature_frequency, Length: 475, dtype: int64"
best app,0.7380264637014005,0,0,"0      2
1      1
2      3
3      3
4      3
      ..
470    1
471    2
472    2
473    1
474    1
Name: feature_frequency, Length: 475, dtype: int64"
correct order,0.7380264637014005,0,0,"0      2
1      1
2      3
3      3
4      3
      ..
470    1
471    2
472    2
473    1
474    1
Name: feature_frequency, Length: 475, dtype: int64"
be hot,0.7203864568792248,0,0,"0      2
1      1
2      3
3      3
4      3
      ..
470    1
471    2
472    2
473    1
474    1
Name: feature_frequency, Length: 475, dtype: int64"
have delete,0.7203864568792248,0,0,"0      2
1      1
2      3
3      3
4      3
      ..
470    1
471    2
472    2
473    1
474    1
Name: feature_frequency, Length: 475, dtype: int64"
buy food,0.7203864568792248,0,0,"0      2
1      1
2      3
3      3
4      3
      ..
470    1
471    2
472    2
473    1
474    1
Name: feature_frequency, Length: 475, dtype: int64"
be miss,0,0,2.052258354226915,"0      2
1      1
2      3
3      3
4      3
      ..
470    1
471    2
472    2
473    1
474    1
Name: feature_frequency, Length: 475, dtype: int64"
order arrive,0.7303454532160105,0,0,"0      2
1      1
2      3
3      3
4      3
      ..
470    1
471    2
472    2
473    1
474    1
Name: feature_frequency, Length: 475, dtype: int64"
go get,0.7303454532160105,0,0,"0      2
1      1
2      3
3      3
4      3
      ..
470    1
471    2
472    2
473    1
474    1
Name: feature_frequency, Length: 475, dtype: int64"
least get,0.7132965311322386,0,0,"0      2
1      1
2      3
3      3
4      3
      ..
470    1
471    2
472    2
473    1
474    1
Name: feature_frequency, Length: 475, dtype: int64"
other time,0.719132441388371,0,0,"0      2
1      1
2      3
3      3
4      3
      ..
470    1
471    2
472    2
473    1
474    1
Name: feature_frequency, Length: 475, dtype: int64"
wrong order,0,11.182098818895334,0,"0      2
1      1
2      3
3      3
4      3
      ..
470    1
471    2
472    2
473    1
474    1
Name: feature_frequency, Length: 475, dtype: int64"
last order,0.719132441388371,0,0,"0      2
1      1
2      3
3      3
4      3
      ..
470    1
471    2
472    2
473    1
474    1
Name: feature_frequency, Length: 475, dtype: int64"
whole order,0.721466805490824,0,0,"0      2
1      1
2      3
3      3
4      3
      ..
470    1
471    2
472    2
473    1
474    1
Name: feature_frequency, Length: 475, dtype: int64"
customer experience,0.7331386260030889,0,0,"0      2
1      1
2      3
3      3
4      3
      ..
470    1
471    2
472    2
473    1
474    1
Name: feature_frequency, Length: 475, dtype: int64"
have drive,0.7331386260030889,0,0,"0      2
1      1
2      3
3      3
4      3
      ..
470    1
471    2
472    2
473    1
474    1
Name: feature_frequency, Length: 475, dtype: int64"
take people,0.7338681147851054,0,0,"0      2
1      1
2      3
3      3
4      3
      ..
470    1
471    2
472    2
473    1
474    1
Name: feature_frequency, Length: 475, dtype: int64"
driver arrive,0.7513758455535027,0,0,"0      2
1      1
2      3
3      3
4      3
      ..
470    1
471    2
472    2
473    1
474    1
Name: feature_frequency, Length: 475, dtype: int64"
have wait,0.7583789378608615,0,0,"0      2
1      1
2      3
3      3
4      3
      ..
470    1
471    2
472    2
473    1
474    1
Name: feature_frequency, Length: 475, dtype: int64"
have car,0.7583789378608615,0,0,"0      2
1      1
2      3
3      3
4      3
      ..
470    1
471    2
472    2
473    1
474    1
Name: feature_frequency, Length: 475, dtype: int64"
be warn,0.7496293980758036,0,0,"0      2
1      1
2      3
3      3
4      3
      ..
470    1
471    2
472    2
473    1
474    1
Name: feature_frequency, Length: 475, dtype: int64"
food quality,0,11.423582216945043,0,"0      2
1      1
2      3
3      3
4      3
      ..
470    1
471    2
472    2
473    1
474    1
Name: feature_frequency, Length: 475, dtype: int64"
first order,0.7410794453186845,0,0,"0      2
1      1
2      3
3      3
4      3
      ..
470    1
471    2
472    2
473    1
474    1
Name: feature_frequency, Length: 475, dtype: int64"
food cost,0.7410794453186845,0,0,"0      2
1      1
2      3
3      3
4      3
      ..
470    1
471    2
472    2
473    1
474    1
Name: feature_frequency, Length: 475, dtype: int64"
be hard,0.7421566383109086,0,0,"0      2
1      1
2      3
3      3
4      3
      ..
470    1
471    2
472    2
473    1
474    1
Name: feature_frequency, Length: 475, dtype: int64"
someone cancel,0.7304922821306881,0,0,"0      2
1      1
2      3
3      3
4      3
      ..
470    1
471    2
472    2
473    1
474    1
Name: feature_frequency, Length: 475, dtype: int64"
good customer,0.7462091208384408,0,0,"0      2
1      1
2      3
3      3
4      3
      ..
470    1
471    2
472    2
473    1
474    1
Name: feature_frequency, Length: 475, dtype: int64"
think uber,0,10.651904769138971,0,"0      2
1      1
2      3
3      3
4      3
      ..
470    1
471    2
472    2
473    1
474    1
Name: feature_frequency, Length: 475, dtype: int64"
please do,0.7387450754970406,0,0,"0      2
1      1
2      3
3      3
4      3
      ..
470    1
471    2
472    2
473    1
474    1
Name: feature_frequency, Length: 475, dtype: int64"
driver message,0.7387450754970406,0,0,"0      2
1      1
2      3
3      3
4      3
      ..
470    1
471    2
472    2
473    1
474    1
Name: feature_frequency, Length: 475, dtype: int64"
minute wait,0.737106631805052,0,0,"0      2
1      1
2      3
3      3
4      3
      ..
470    1
471    2
472    2
473    1
474    1
Name: feature_frequency, Length: 475, dtype: int64"
be deliver,0.7365523812608831,0,0,"0      2
1      1
2      3
3      3
4      3
      ..
470    1
471    2
472    2
473    1
474    1
Name: feature_frequency, Length: 475, dtype: int64"
company do,0,0,1.7282175614116075,"0      2
1      1
2      3
3      3
4      3
      ..
470    1
471    2
472    2
473    1
474    1
Name: feature_frequency, Length: 475, dtype: int64"
ad be,0.7476334141900604,0,0,"0      2
1      1
2      3
3      3
4      3
      ..
470    1
471    2
472    2
473    1
474    1
Name: feature_frequency, Length: 475, dtype: int64"
be separate,0.744498485541139,0,0,"0      2
1      1
2      3
3      3
4      3
      ..
470    1
471    2
472    2
473    1
474    1
Name: feature_frequency, Length: 475, dtype: int64"
food bag,0.744498485541139,0,0,"0      2
1      1
2      3
3      3
4      3
      ..
470    1
471    2
472    2
473    1
474    1
Name: feature_frequency, Length: 475, dtype: int64"
delivery people,0,10.806240648917575,0,"0      2
1      1
2      3
3      3
4      3
      ..
470    1
471    2
472    2
473    1
474    1
Name: feature_frequency, Length: 475, dtype: int64"
call uber,0.744498485541139,0,0,"0      2
1      1
2      3
3      3
4      3
      ..
470    1
471    2
472    2
473    1
474    1
Name: feature_frequency, Length: 475, dtype: int64"
be good,0.7396017736143202,0,0,"0      2
1      1
2      3
3      3
4      3
      ..
470    1
471    2
472    2
473    1
474    1
Name: feature_frequency, Length: 475, dtype: int64"
old order,0,10.993883056275857,0,"0      2
1      1
2      3
3      3
4      3
      ..
470    1
471    2
472    2
473    1
474    1
Name: feature_frequency, Length: 475, dtype: int64"
dollar order,0.7396017736143202,0,0,"0      2
1      1
2      3
3      3
4      3
      ..
470    1
471    2
472    2
473    1
474    1
Name: feature_frequency, Length: 475, dtype: int64"
driver only,0.7396017736143202,0,0,"0      2
1      1
2      3
3      3
4      3
      ..
470    1
471    2
472    2
473    1
474    1
Name: feature_frequency, Length: 475, dtype: int64"
get home,0.7396017736143202,0,0,"0      2
1      1
2      3
3      3
4      3
      ..
470    1
471    2
472    2
473    1
474    1
Name: feature_frequency, Length: 475, dtype: int64"
be charge,0.7382529863810467,0,0,"0      2
1      1
2      3
3      3
4      3
      ..
470    1
471    2
472    2
473    1
474    1
Name: feature_frequency, Length: 475, dtype: int64"
dasher do,0.7333291142050504,0,0,"0      2
1      1
2      3
3      3
4      3
      ..
470    1
471    2
472    2
473    1
474    1
Name: feature_frequency, Length: 475, dtype: int64"
girlfriend be,0.7314409777779609,0,0,"0      2
1      1
2      3
3      3
4      3
      ..
470    1
471    2
472    2
473    1
474    1
Name: feature_frequency, Length: 475, dtype: int64"
second order,0.7282828412651458,0,0,"0      2
1      1
2      3
3      3
4      3
      ..
470    1
471    2
472    2
473    1
474    1
Name: feature_frequency, Length: 475, dtype: int64"
